,Title,Company,Job_Type,Location
0,"[<selenium.webdriver.remote.webelement.WebElement (session=""61ad0023c18499609dba8906ba2eef42"", element=""0E269CAA4D98F37B08222B69F43EA96C_element_182"")>]","[<selenium.webdriver.remote.webelement.WebElement (session=""61ad0023c18499609dba8906ba2eef42"", element=""0E269CAA4D98F37B08222B69F43EA96C_element_183"")>]",[],[]
1,"[<selenium.webdriver.remote.webelement.WebElement (session=""61ad0023c18499609dba8906ba2eef42"", element=""0E269CAA4D98F37B08222B69F43EA96C_element_184"")>]","[<selenium.webdriver.remote.webelement.WebElement (session=""61ad0023c18499609dba8906ba2eef42"", element=""0E269CAA4D98F37B08222B69F43EA96C_element_185"")>]",[],[]
2,"[<selenium.webdriver.remote.webelement.WebElement (session=""61ad0023c18499609dba8906ba2eef42"", element=""0E269CAA4D98F37B08222B69F43EA96C_element_186"")>]","[<selenium.webdriver.remote.webelement.WebElement (session=""61ad0023c18499609dba8906ba2eef42"", element=""0E269CAA4D98F37B08222B69F43EA96C_element_187"")>]",[],[]
3,"[<selenium.webdriver.remote.webelement.WebElement (session=""61ad0023c18499609dba8906ba2eef42"", element=""0E269CAA4D98F37B08222B69F43EA96C_element_188"")>]","[<selenium.webdriver.remote.webelement.WebElement (session=""61ad0023c18499609dba8906ba2eef42"", element=""0E269CAA4D98F37B08222B69F43EA96C_element_189"")>]",[],[]
4,"[<selenium.webdriver.remote.webelement.WebElement (session=""61ad0023c18499609dba8906ba2eef42"", element=""0E269CAA4D98F37B08222B69F43EA96C_element_190"")>]","[<selenium.webdriver.remote.webelement.WebElement (session=""61ad0023c18499609dba8906ba2eef42"", element=""0E269CAA4D98F37B08222B69F43EA96C_element_191"")>]",[],[]
5,"[<selenium.webdriver.remote.webelement.WebElement (session=""61ad0023c18499609dba8906ba2eef42"", element=""0E269CAA4D98F37B08222B69F43EA96C_element_192"")>]","[<selenium.webdriver.remote.webelement.WebElement (session=""61ad0023c18499609dba8906ba2eef42"", element=""0E269CAA4D98F37B08222B69F43EA96C_element_193"")>]",[],[]
6,"[<selenium.webdriver.remote.webelement.WebElement (session=""61ad0023c18499609dba8906ba2eef42"", element=""0E269CAA4D98F37B08222B69F43EA96C_element_194"")>]","[<selenium.webdriver.remote.webelement.WebElement (session=""61ad0023c18499609dba8906ba2eef42"", element=""0E269CAA4D98F37B08222B69F43EA96C_element_195"")>]",[],[]
7,"[<selenium.webdriver.remote.webelement.WebElement (session=""61ad0023c18499609dba8906ba2eef42"", element=""0E269CAA4D98F37B08222B69F43EA96C_element_196"")>]","[<selenium.webdriver.remote.webelement.WebElement (session=""61ad0023c18499609dba8906ba2eef42"", element=""0E269CAA4D98F37B08222B69F43EA96C_element_197"")>]",[],[]
8,"[<selenium.webdriver.remote.webelement.WebElement (session=""61ad0023c18499609dba8906ba2eef42"", element=""0E269CAA4D98F37B08222B69F43EA96C_element_198"")>]","[<selenium.webdriver.remote.webelement.WebElement (session=""61ad0023c18499609dba8906ba2eef42"", element=""0E269CAA4D98F37B08222B69F43EA96C_element_199"")>]",[],[]
9,"[<selenium.webdriver.remote.webelement.WebElement (session=""61ad0023c18499609dba8906ba2eef42"", element=""0E269CAA4D98F37B08222B69F43EA96C_element_200"")>]","[<selenium.webdriver.remote.webelement.WebElement (session=""61ad0023c18499609dba8906ba2eef42"", element=""0E269CAA4D98F37B08222B69F43EA96C_element_201"")>]",[],[]
10,"[<selenium.webdriver.remote.webelement.WebElement (session=""61ad0023c18499609dba8906ba2eef42"", element=""0E269CAA4D98F37B08222B69F43EA96C_element_202"")>]","[<selenium.webdriver.remote.webelement.WebElement (session=""61ad0023c18499609dba8906ba2eef42"", element=""0E269CAA4D98F37B08222B69F43EA96C_element_203"")>]",[],[]
11,"[<selenium.webdriver.remote.webelement.WebElement (session=""61ad0023c18499609dba8906ba2eef42"", element=""0E269CAA4D98F37B08222B69F43EA96C_element_204"")>]","[<selenium.webdriver.remote.webelement.WebElement (session=""61ad0023c18499609dba8906ba2eef42"", element=""0E269CAA4D98F37B08222B69F43EA96C_element_205"")>]",[],[]
12,"[<selenium.webdriver.remote.webelement.WebElement (session=""61ad0023c18499609dba8906ba2eef42"", element=""0E269CAA4D98F37B08222B69F43EA96C_element_206"")>]","[<selenium.webdriver.remote.webelement.WebElement (session=""61ad0023c18499609dba8906ba2eef42"", element=""0E269CAA4D98F37B08222B69F43EA96C_element_207"")>]",[],[]
13,"[<selenium.webdriver.remote.webelement.WebElement (session=""61ad0023c18499609dba8906ba2eef42"", element=""0E269CAA4D98F37B08222B69F43EA96C_element_208"")>]","[<selenium.webdriver.remote.webelement.WebElement (session=""61ad0023c18499609dba8906ba2eef42"", element=""0E269CAA4D98F37B08222B69F43EA96C_element_209"")>]",[],[]
14,"[<selenium.webdriver.remote.webelement.WebElement (session=""61ad0023c18499609dba8906ba2eef42"", element=""0E269CAA4D98F37B08222B69F43EA96C_element_210"")>]","[<selenium.webdriver.remote.webelement.WebElement (session=""61ad0023c18499609dba8906ba2eef42"", element=""0E269CAA4D98F37B08222B69F43EA96C_element_211"")>]",[],[]
15,"[<selenium.webdriver.remote.webelement.WebElement (session=""61ad0023c18499609dba8906ba2eef42"", element=""0E269CAA4D98F37B08222B69F43EA96C_element_212"")>]","[<selenium.webdriver.remote.webelement.WebElement (session=""61ad0023c18499609dba8906ba2eef42"", element=""0E269CAA4D98F37B08222B69F43EA96C_element_213"")>]",[],[]
16,"[<selenium.webdriver.remote.webelement.WebElement (session=""61ad0023c18499609dba8906ba2eef42"", element=""0E269CAA4D98F37B08222B69F43EA96C_element_214"")>]","[<selenium.webdriver.remote.webelement.WebElement (session=""61ad0023c18499609dba8906ba2eef42"", element=""0E269CAA4D98F37B08222B69F43EA96C_element_215"")>]",[],[]
17,"[<selenium.webdriver.remote.webelement.WebElement (session=""61ad0023c18499609dba8906ba2eef42"", element=""0E269CAA4D98F37B08222B69F43EA96C_element_216"")>]","[<selenium.webdriver.remote.webelement.WebElement (session=""61ad0023c18499609dba8906ba2eef42"", element=""0E269CAA4D98F37B08222B69F43EA96C_element_217"")>]",[],[]
18,"[<selenium.webdriver.remote.webelement.WebElement (session=""61ad0023c18499609dba8906ba2eef42"", element=""0E269CAA4D98F37B08222B69F43EA96C_element_218"")>]","[<selenium.webdriver.remote.webelement.WebElement (session=""61ad0023c18499609dba8906ba2eef42"", element=""0E269CAA4D98F37B08222B69F43EA96C_element_219"")>]",[],[]
19,"[<selenium.webdriver.remote.webelement.WebElement (session=""61ad0023c18499609dba8906ba2eef42"", element=""0E269CAA4D98F37B08222B69F43EA96C_element_220"")>]","[<selenium.webdriver.remote.webelement.WebElement (session=""61ad0023c18499609dba8906ba2eef42"", element=""0E269CAA4D98F37B08222B69F43EA96C_element_221"")>]",[],[]
